--
-- PostgreSQL database dump
--

-- Dumped from database version 16.9 (Ubuntu 16.9-0ubuntu0.24.04.1)
-- Dumped by pg_dump version 16.9 (Ubuntu 16.9-0ubuntu0.24.04.1)

SET statement_timeout = 0;
SET lock_timeout = 0;
SET idle_in_transaction_session_timeout = 0;
SET client_encoding = 'UTF8';
SET standard_conforming_strings = on;
SELECT pg_catalog.set_config('search_path', '', false);
SET check_function_bodies = false;
SET xmloption = content;
SET client_min_messages = warning;
SET row_security = off;

SET default_tablespace = '';

SET default_table_access_method = heap;

--
-- Name: admins; Type: TABLE; Schema: public; Owner: postgres
--

CREATE TABLE public.admins (
    id integer NOT NULL,
    telegram_id bigint,
    telegram_name character varying(100),
    phone_number character varying(150) NOT NULL,
    hashed_psw character varying(255),
    is_logged boolean DEFAULT false NOT NULL,
    created_at timestamp with time zone DEFAULT now() NOT NULL,
    updated_at timestamp with time zone DEFAULT now() NOT NULL,
    role character varying(10) NOT NULL,
    contractor character varying(100) NOT NULL
);


ALTER TABLE public.admins OWNER TO postgres;

--
-- Name: admins_id_seq; Type: SEQUENCE; Schema: public; Owner: postgres
--

CREATE SEQUENCE public.admins_id_seq
    AS integer
    START WITH 1
    INCREMENT BY 1
    NO MINVALUE
    NO MAXVALUE
    CACHE 1;


ALTER SEQUENCE public.admins_id_seq OWNER TO postgres;

--
-- Name: admins_id_seq; Type: SEQUENCE OWNED BY; Schema: public; Owner: postgres
--

ALTER SEQUENCE public.admins_id_seq OWNED BY public.admins.id;


--
-- Name: alembic_version; Type: TABLE; Schema: public; Owner: postgres
--

CREATE TABLE public.alembic_version (
    version_num character varying(32) NOT NULL
);


ALTER TABLE public.alembic_version OWNER TO postgres;

--
-- Name: extra_services; Type: TABLE; Schema: public; Owner: postgres
--

CREATE TABLE public.extra_services (
    id integer NOT NULL,
    document_id character varying NOT NULL,
    title character varying(32) NOT NULL,
    description character varying NOT NULL
);


ALTER TABLE public.extra_services OWNER TO postgres;

--
-- Name: extra_services_id_seq; Type: SEQUENCE; Schema: public; Owner: postgres
--

CREATE SEQUENCE public.extra_services_id_seq
    AS integer
    START WITH 1
    INCREMENT BY 1
    NO MINVALUE
    NO MAXVALUE
    CACHE 1;


ALTER SEQUENCE public.extra_services_id_seq OWNER TO postgres;

--
-- Name: extra_services_id_seq; Type: SEQUENCE OWNED BY; Schema: public; Owner: postgres
--

ALTER SEQUENCE public.extra_services_id_seq OWNED BY public.extra_services.id;


--
-- Name: invoices; Type: TABLE; Schema: public; Owner: postgres
--

CREATE TABLE public.invoices (
    id integer NOT NULL,
    user_id integer NOT NULL,
    invoice_number character varying NOT NULL,
    created_at timestamp with time zone DEFAULT now() NOT NULL,
    departure_city character varying NOT NULL,
    recipient_city character varying NOT NULL,
    telegram_file_id character varying NOT NULL
);


ALTER TABLE public.invoices OWNER TO postgres;

--
-- Name: invoices_id_seq; Type: SEQUENCE; Schema: public; Owner: postgres
--

CREATE SEQUENCE public.invoices_id_seq
    AS integer
    START WITH 1
    INCREMENT BY 1
    NO MINVALUE
    NO MAXVALUE
    CACHE 1;


ALTER SEQUENCE public.invoices_id_seq OWNER TO postgres;

--
-- Name: invoices_id_seq; Type: SEQUENCE OWNED BY; Schema: public; Owner: postgres
--

ALTER SEQUENCE public.invoices_id_seq OWNED BY public.invoices.id;


--
-- Name: phone_numbers; Type: TABLE; Schema: public; Owner: postgres
--

CREATE TABLE public.phone_numbers (
    id integer NOT NULL,
    user_id integer NOT NULL,
    number character varying(15) NOT NULL
);


ALTER TABLE public.phone_numbers OWNER TO postgres;

--
-- Name: phone_numbers_id_seq; Type: SEQUENCE; Schema: public; Owner: postgres
--

CREATE SEQUENCE public.phone_numbers_id_seq
    AS integer
    START WITH 1
    INCREMENT BY 1
    NO MINVALUE
    NO MAXVALUE
    CACHE 1;


ALTER SEQUENCE public.phone_numbers_id_seq OWNER TO postgres;

--
-- Name: phone_numbers_id_seq; Type: SEQUENCE OWNED BY; Schema: public; Owner: postgres
--

ALTER SEQUENCE public.phone_numbers_id_seq OWNED BY public.phone_numbers.id;


--
-- Name: tariffs; Type: TABLE; Schema: public; Owner: postgres
--

CREATE TABLE public.tariffs (
    id integer NOT NULL,
    document_id character varying NOT NULL,
    title character varying(32) NOT NULL,
    description character varying NOT NULL
);


ALTER TABLE public.tariffs OWNER TO postgres;

--
-- Name: tariffs_id_seq; Type: SEQUENCE; Schema: public; Owner: postgres
--

CREATE SEQUENCE public.tariffs_id_seq
    AS integer
    START WITH 1
    INCREMENT BY 1
    NO MINVALUE
    NO MAXVALUE
    CACHE 1;


ALTER SEQUENCE public.tariffs_id_seq OWNER TO postgres;

--
-- Name: tariffs_id_seq; Type: SEQUENCE OWNED BY; Schema: public; Owner: postgres
--

ALTER SEQUENCE public.tariffs_id_seq OWNED BY public.tariffs.id;


--
-- Name: users; Type: TABLE; Schema: public; Owner: postgres
--

CREATE TABLE public.users (
    id integer NOT NULL,
    contract_number character varying(20) NOT NULL,
    city character varying NOT NULL,
    contractor character varying NOT NULL,
    hashed_psw character varying(255),
    role character varying NOT NULL,
    telegram_id bigint,
    telegram_name character varying(100),
    is_logged boolean DEFAULT false NOT NULL,
    created_at timestamp with time zone DEFAULT now() NOT NULL,
    updated_at timestamp with time zone DEFAULT now() NOT NULL
);


ALTER TABLE public.users OWNER TO postgres;

--
-- Name: users_id_seq; Type: SEQUENCE; Schema: public; Owner: postgres
--

CREATE SEQUENCE public.users_id_seq
    AS integer
    START WITH 1
    INCREMENT BY 1
    NO MINVALUE
    NO MAXVALUE
    CACHE 1;


ALTER SEQUENCE public.users_id_seq OWNER TO postgres;

--
-- Name: users_id_seq; Type: SEQUENCE OWNED BY; Schema: public; Owner: postgres
--

ALTER SEQUENCE public.users_id_seq OWNED BY public.users.id;


--
-- Name: admins id; Type: DEFAULT; Schema: public; Owner: postgres
--

ALTER TABLE ONLY public.admins ALTER COLUMN id SET DEFAULT nextval('public.admins_id_seq'::regclass);


--
-- Name: extra_services id; Type: DEFAULT; Schema: public; Owner: postgres
--

ALTER TABLE ONLY public.extra_services ALTER COLUMN id SET DEFAULT nextval('public.extra_services_id_seq'::regclass);


--
-- Name: invoices id; Type: DEFAULT; Schema: public; Owner: postgres
--

ALTER TABLE ONLY public.invoices ALTER COLUMN id SET DEFAULT nextval('public.invoices_id_seq'::regclass);


--
-- Name: phone_numbers id; Type: DEFAULT; Schema: public; Owner: postgres
--

ALTER TABLE ONLY public.phone_numbers ALTER COLUMN id SET DEFAULT nextval('public.phone_numbers_id_seq'::regclass);


--
-- Name: tariffs id; Type: DEFAULT; Schema: public; Owner: postgres
--

ALTER TABLE ONLY public.tariffs ALTER COLUMN id SET DEFAULT nextval('public.tariffs_id_seq'::regclass);


--
-- Name: users id; Type: DEFAULT; Schema: public; Owner: postgres
--

ALTER TABLE ONLY public.users ALTER COLUMN id SET DEFAULT nextval('public.users_id_seq'::regclass);


--
-- Data for Name: admins; Type: TABLE DATA; Schema: public; Owner: postgres
--

COPY public.admins (id, telegram_id, telegram_name, phone_number, hashed_psw, is_logged, created_at, updated_at, role, contractor) FROM stdin;
1	6702369707	fushinkan	79803529673	$2a$12$X.XVeUYzWodu0bBXQI.X5.dRU/HPF.jFVqt9SocFr7eGJcoPUhPQ6	f	2025-07-03 18:23:55.244392+03	2025-07-27 16:39:17.557264+03	admin	Гаранич Денис
7	\N	\N	78005553535	\N	f	2025-07-16 14:44:56.510471+03	2025-07-16 14:44:56.510471+03	admin	Иван Иванов
\.


--
-- Data for Name: alembic_version; Type: TABLE DATA; Schema: public; Owner: postgres
--

COPY public.alembic_version (version_num) FROM stdin;
38404b97d962
\.


--
-- Data for Name: extra_services; Type: TABLE DATA; Schema: public; Owner: postgres
--

COPY public.extra_services (id, document_id, title, description) FROM stdin;
\.


--
-- Data for Name: invoices; Type: TABLE DATA; Schema: public; Owner: postgres
--

COPY public.invoices (id, user_id, invoice_number, created_at, departure_city, recipient_city, telegram_file_id) FROM stdin;
9	2	10133345678	2025-07-27 16:24:50.717143+03	Москва	Данков	BQACAgIAAyEFAASh5VA6AAOpaIYooZ-jDC3Ydcn9VVdGSdVNeCEAAnJ6AALFBjFI7gqFJAIXlSE2BA
\.


--
-- Data for Name: phone_numbers; Type: TABLE DATA; Schema: public; Owner: postgres
--

COPY public.phone_numbers (id, user_id, number) FROM stdin;
2	2	79202473689
3	3	79632962361
4	4	79632962361
5	5	79252872247
6	6	79803503552
7	7	79819480960
8	8	79207544545
9	9	79819858845
10	9	79119370322
11	10	79537069778
12	11	79027658671
13	12	79040964099
14	13	79333339870
15	14	79197269705
16	15	79199144141
17	16	79212034659
18	16	79082957207
19	17	79117467131
20	17	79817169951
21	18	79279819994
22	19	79246808095
23	19	79104644413
24	20	79217440171
25	20	79260216853
26	21	79219444601
27	22	79042825283
28	23	79137970454
29	24	79778089338
30	25	79632962361
31	25	79685341644
32	26	79244747256
33	26	74165634404
34	27	78002345672
35	28	79055590002
36	29	79203689887
37	30	79610326416
38	30	74746566565
39	31	79525964157
40	31	74746560791
41	32	79262365950
42	32	79160383117
43	33	79050453868
44	34	375445556018
45	34	74991131414
46	35	79935707448
47	36	79284421876
48	37	79098125333
49	37	79991665255
50	38	79266020136
51	38	79182663838
52	38	79181441717
53	39	79038608222
54	40	79673048310
55	41	79093474485
56	42	79085556669
57	43	79209769471
58	43	79209617562
59	44	79688057180
60	46	79222018119
61	47	79119370322
62	48	79944024390
63	49	79031479377
64	49	79204786228
65	50	79156772880
66	50	74752576505
67	51	79777780211
68	51	79153863500
69	52	78452390200
70	52	78452390201
71	53	79262030120
72	54	79529488560
73	55	79155560437
74	55	74746563580
75	56	73433190160
76	58	79137970454
77	59	79172609552
78	60	79670561999
79	60	79057730907
80	61	79771722445
81	45	79601319904
82	45	79056532537
83	45	74732391600
84	250	74957775222
85	250	79778776174
86	63	79063089429
87	64	74722529460
88	65	79876018751
89	65	79279556487
90	65	79177400110
91	66	79049825035
92	66	79126787303
93	67	79616013687
94	68	79298843577
95	69	79261300352
96	69	79779415257
97	70	79233742509
98	71	79255109975
99	71	74993808289
100	72	79192370496
101	73	79264783737
102	74	79852159381
103	75	79107003757
104	76	79509269930
105	76	79190714378
106	77	79037270008
107	78	79252015333
108	79	79282707849
109	80	79264675280
110	81	79108188647
111	82	79032644252
112	83	79195086944
113	84	79211314411
114	85	79169602504
115	87	79998291941
116	88	79181817793
117	89	79066856800
118	90	79042829796
119	91	79626860760
120	92	79284245042
121	93	79038603855
122	94	79033085307
123	95	79892114861
124	96	79265211392
125	97	79065957688
126	98	79038650828
127	99	79046987372
128	100	79030392828
129	101	79042831112
130	102	79187222877
131	103	79183100596
132	104	79212880202
133	105	79810001600
134	106	79266743820
135	107	79646450555
136	108	79782922692
137	110	79089789753
138	111	79005932999
139	111	79038649026
140	112	79258801676
141	112	79266673261
142	113	79005921527
143	114	79662500074
144	115	79067261868
145	116	79105698981
146	116	74912513365
147	117	79111533405
148	117	79533430630
149	118	79206975632
150	119	79201013722
151	120	79271517533
152	121	79057898901
153	122	79508001868
154	123	79853171733
155	123	79162938317
156	109	79932293288
157	109	79107446051
158	109	79198883020
159	124	74954455264
160	124	79167360239
161	124	79622308680
162	125	79162938317
163	126	79056879174
164	127	79269198847
165	128	79685222655
166	129	79005931872
167	130	79204570955
168	131	79158519909
169	132	79003557105
170	133	79621595232
171	135	79103534051
172	136	79534369995
173	137	79165515830
174	138	79067261868
175	139	79004745982
176	140	79102556853
177	141	79117040605
178	141	79119785720
179	142	79080811085
180	142	79323083656
181	143	79017952209
182	144	79303391698
183	145	79164120114
184	146	79652022177
185	147	79287688110
186	148	79055555716
187	149	79128573036
188	150	79675008968
189	151	79616301111
190	152	79055555182
191	153	79103504599
192	154	79267559055
193	155	74942494030
194	156	79046288666
195	157	79601466140
196	159	79330256954
197	160	79119449010
198	162	79257436555
199	163	79802502165
200	164	79209368885
201	165	78124956038
202	166	79081930027
203	166	79613192020
204	167	79207318260
205	168	79881034951
206	170	79069428012
207	171	79226335009
208	172	79771346222
209	173	79104500872
210	174	79539457068
211	175	79064777671
212	176	74954865074
213	178	79605633504
214	179	79951178595
215	180	79056546609
216	181	79090074000
217	182	79307130118
218	183	79222538884
219	184	79205332626
220	161	74732604447
221	161	79601322269
222	169	79896141519
223	169	79897291204
224	249	79202290998
225	134	79530995058
226	134	79459882028
227	185	79009896246
228	186	79046922623
229	187	79115183341
230	188	79164861217
231	189	79123378501
232	190	79055222196
233	191	79152341119
234	192	79112112508
235	193	79205063399
236	194	79312439440
237	195	79885511898
238	196	79199060405
239	198	74957806181
240	201	79259721165
241	202	79056815003
242	203	79859855131
243	204	79108974295
244	206	79213063776
245	207	79888902277
246	208	79990877615
247	209	79819480960
248	210	79248630528
249	211	79920145256
250	213	79170900320
251	214	79519040502
252	215	79060420504
253	216	79874149920
254	216	79870640099
255	217	79870640099
256	219	79382223311
257	219	79636363440
258	220	79092513775
259	221	79270545446
260	221	78452264363
261	222	79221721170
262	222	73433824975
263	223	79093434222
264	224	79227344133
265	224	79087027161
266	225	79530024774
267	226	79601512005
268	229	79260683420
269	230	79035660011
270	232	79272658831
271	233	79524669078
272	234	79265627183
273	235	79139998352
274	236	79159355573
275	239	79618000310
276	241	79096367788
277	242	79227649951
278	243	79036008167
279	244	74963622379
280	245	79162109584
281	245	79771071207
282	245	74951526554
283	246	79611854444
284	246	79102494701
285	246	79539978451
286	246	79036549444
287	248	79018709151
288	205	79181723742
289	205	78612312141
290	212	78202506005
291	212	79115065511
292	218	79226254174
293	227	79122420997
294	227	79826968736
295	231	79189794102
296	240	79518577785
297	247	79802510473
298	228	79250448332
299	228	79672091234
300	228	79252343799
301	228	74950061234
302	228	79167912448
303	238	79519093741
304	238	79506000875
305	237	74956887799
306	237	79104530079
307	251	79215903207
308	252	79125762606
309	253	79256220171
310	254	79276048036
311	256	79202401712
312	257	74951339566
313	257	79253352997
314	258	79113682498
315	259	79105114101
316	260	79032921334
317	261	79044310313
318	263	79066870001
319	263	74742243417
320	264	79206280746
321	265	79172130081
322	266	79507058336
323	268	79045378631
324	270	79379799731
325	271	79629243416
326	273	79832001444
327	274	79525039313
328	276	79913284310
329	277	79512222049
330	278	79102143132
331	280	79803787475
332	280	79802520688
333	280	79102501604
334	285	79200808686
335	290	79209706662
336	290	79209706661
337	291	79129277360
338	294	79616029695
339	295	78632850207
340	295	78632804756
341	295	78632804754
342	295	78632804755
343	295	78632804757
344	298	79005149464
345	298	79537082474
346	299	79192444905
347	300	79005979737
348	301	79509987272
349	301	79135148798
350	302	79264733873
351	303	79155665738
352	304	79172731054
353	305	79046697723
354	308	78124688353
355	308	78124688351
356	262	79520240700
357	272	79040964099
358	275	79206452774
359	279	79803631195
360	282	79042975890
361	284	79997509749
362	287	79537205929
363	288	79534778899
364	289	79051680100
365	296	79103589898
366	297	79103311330
367	297	79688748326
368	307	79671593633
369	307	79687116881
370	310	79051792361
371	313	79103534532
372	311	78123278353
373	286	74752772588
374	292	74746821374
375	281	79163405157
376	281	74957806181
377	267	79111890200
378	267	79279610988
379	255	79289640152
380	255	79081852213
381	316	78314185914
382	317	79147363329
383	317	9244261613
384	319	79673799117
385	319	8552202707
386	328	79265490252
387	331	79102582373
388	331	79086997125
389	331	79086997126
390	331	79155554495
391	158	79508030294
392	158	74742570006
393	177	79202591945
394	177	79200391695
395	197	79164844705
396	197	79163405157
397	200	79065928216
398	200	79102504001
399	200	79153214817
400	315	79111239584
401	315	79213393933
402	315	79626860760
403	62	79773199840
404	62	79998395400
405	62	79104955185
406	86	79371458332
407	57	79058427770
408	57	79225317721
409	199	79522871266
410	199	79967885443
411	269	79066019415
412	283	79051230033
413	293	79066850237
414	312	79823076177
415	312	73512744154
416	314	79093474485
417	314	79874882260
418	318	79205358391
419	318	79082318181
420	318	79205011860
421	320	79192569545
422	321	79508017929
423	322	79601453339
424	324	79776438117
425	325	79100197206
426	325	79779642676
427	326	79858896151
428	327	79103534590
429	329	79046808230
430	330	79163967229
431	332	79158555666
432	309	74953084376
433	309	74953084240
434	309	74953084217
435	306	79867007070
436	306	79867007700
\.


--
-- Data for Name: tariffs; Type: TABLE DATA; Schema: public; Owner: postgres
--

COPY public.tariffs (id, document_id, title, description) FROM stdin;
\.


--
-- Data for Name: users; Type: TABLE DATA; Schema: public; Owner: postgres
--

COPY public.users (id, contract_number, city, contractor, hashed_psw, role, telegram_id, telegram_name, is_logged, created_at, updated_at) FROM stdin;
2	IM-DAN1-335	Данков	Петрова Наталья Анатольевна	$2b$12$oJrxyYh3DAbwBBZDDgkBouAYlkL3lpNp692rgO.UxurY.NQU8N0F2	user	6702369707	fushinkan	t	2025-06-27 21:05:03.160221+03	2025-07-27 16:39:38.276607+03
3	IM-DAN1-332	Калининград	ТЭМПОРО	\N	user	\N	\N	f	2025-06-27 21:05:03.160221+03	2025-06-27 21:05:03.160221+03
4	IM-DAN1-331	Калининград	ВЕНД-ЭКСПЕРТ	\N	user	\N	\N	f	2025-06-27 21:05:03.160221+03	2025-06-27 21:05:03.160221+03
63	IM-DAN1-268	Саратов	ЭЛЕКТРИЧЕСКИЕ ИНЖЕНЕРНЫЕ СИСТЕМЫ	\N	user	\N	\N	f	2025-06-27 21:05:03.160221+03	2025-06-27 21:05:03.160221+03
124	IM-DAN1-219	Москва	"КОМПАНИЯ ОРАНЖ"	\N	user	\N	\N	f	2025-06-27 21:05:03.160221+03	2025-06-27 21:05:03.160221+03
125	IM-DAN1-218	Москва	Черной Мария Юрьевна	\N	user	\N	\N	f	2025-06-27 21:05:03.160221+03	2025-06-27 21:05:03.160221+03
138	IM-LEB4-31	Красногорск	ИЗУМИТАЙМ	\N	user	\N	\N	f	2025-06-27 21:05:03.160221+03	2025-06-27 21:05:03.160221+03
185	SZ-DAN1-9	Лебедянь	Родионова Дарья Александровна	\N	user	\N	\N	f	2025-06-27 21:05:03.160221+03	2025-06-27 21:05:03.160221+03
134	IM-LEB4-36	Москва	ЛИНКГРУПП	\N	user	\N	\N	f	2025-06-27 21:05:03.160221+03	2025-06-27 21:05:03.160221+03
251	KU-DAN1-39	Санкт-Петербург	Ковалевский Антон Игоревич	\N	user	\N	\N	f	2025-06-27 21:05:03.160221+03	2025-06-27 21:05:03.160221+03
252	KU-DAN1-38	Курган	СТРОЙМОНТАЖВЫСОТА	\N	user	\N	\N	f	2025-06-27 21:05:03.160221+03	2025-06-27 21:05:03.160221+03
228	IM-DAN1-129	Москва	ПРОКОРНЕР	\N	user	\N	\N	f	2025-06-27 21:05:03.160221+03	2025-06-27 21:05:03.160221+03
12	IM-DAN1-317	Белгород	Бибиков Андрей Александрович	\N	user	\N	\N	f	2025-06-27 21:05:03.160221+03	2025-06-27 21:05:03.160221+03
5	IM-DAN1-330	Москва	Цветков Алексей Михайлович	\N	user	\N	\N	f	2025-06-27 21:05:03.160221+03	2025-06-27 21:05:03.160221+03
6	IM-DAN1-329	Липецк	ПРЕМИУМТРАНС	\N	user	\N	\N	f	2025-06-27 21:05:03.160221+03	2025-06-27 21:05:03.160221+03
7	SZ-DAN1-22	Санкт-Петербург	Чиркова Елена Сергеевна	\N	user	\N	\N	f	2025-06-27 21:05:03.160221+03	2025-06-27 21:05:03.160221+03
8	IM-DAN1-328	Тула	ПРОМГИГИЕНА	\N	user	\N	\N	f	2025-06-27 21:05:03.160221+03	2025-06-27 21:05:03.160221+03
9	IM-DAN1-327	Санкт-Петербург	Старков Даниил Владимирович	\N	user	\N	\N	f	2025-06-27 21:05:03.160221+03	2025-06-27 21:05:03.160221+03
10	IM-DAN1-326	Тамбов	Хомутова Елена Александровна	\N	user	\N	\N	f	2025-06-27 21:05:03.160221+03	2025-06-27 21:05:03.160221+03
11	IM-DAN1-325	Иркутск	Уваровский Владимир Викторович	\N	user	\N	\N	f	2025-06-27 21:05:03.160221+03	2025-06-27 21:05:03.160221+03
316	IM-DAN1-4	Нижний Новгород	НАУЧНО ПРОИЗВОДСТВЕННОЕ ПРЕДПРИЯТИЕ ХИМСПЕЦСНАБ	\N	user	\N	\N	f	2025-06-27 21:05:03.160221+03	2025-06-27 21:05:03.160221+03
317	IM-DAN1-3	Уссурийск	Тополенко Наталья Владимировна	\N	user	\N	\N	f	2025-06-27 21:05:03.160221+03	2025-06-27 21:05:03.160221+03
319	КУ-РФ-DAN1-11	Новотроицкое, Тукаевский р-н	АРМАФИТИНГ	\N	user	\N	\N	f	2025-06-27 21:05:03.160221+03	2025-06-27 21:05:03.160221+03
328	СЗ-РФ-DAN1-2	Данков	Александрова Екатерина Михайловна	\N	user	\N	\N	f	2025-06-27 21:05:03.160221+03	2025-06-27 21:05:03.160221+03
331	КУ-РФ-DAN1-3	Данков	Аврора	\N	user	\N	\N	f	2025-06-27 21:05:03.160221+03	2025-06-27 21:05:03.160221+03
13	IM-DAN1-323	Абакан	Егоров Павел Владимирович	\N	user	\N	\N	f	2025-06-27 21:05:03.160221+03	2025-06-27 21:05:03.160221+03
14	IM-DAN1-320	Москва	Арзуманова Дина Владимировна	\N	user	\N	\N	f	2025-06-27 21:05:03.160221+03	2025-06-27 21:05:03.160221+03
158	KU-DAN1-56	Грязи, Грязинский район	УПРАВЛЯЮЩАЯ КОМПАНИЯ АСП ГРУПП	\N	user	\N	\N	f	2025-06-27 21:05:03.160221+03	2025-06-27 21:05:03.160221+03
177	IM-LEB4-14	Дзержинск, городской округ Дзержинск	Кулагин Сергей Вячеславович	\N	user	\N	\N	f	2025-06-27 21:05:03.160221+03	2025-06-27 21:05:03.160221+03
197	IM-DAN1-174	Москва	АРАБИКА	\N	user	\N	\N	f	2025-06-27 21:05:03.160221+03	2025-06-27 21:05:03.160221+03
200	IM-DAN1-171	Елец	ПЕТЭКСПЕРТ	\N	user	\N	\N	f	2025-06-27 21:05:03.160221+03	2025-06-27 21:05:03.160221+03
315	IM-DAN1-6	Санкт-Петербург	ТЕРРА ПЛАСТ	\N	user	\N	\N	f	2025-06-27 21:05:03.160221+03	2025-06-27 21:05:03.160221+03
62	IM-DAN1-269	Королев	Фролов Степан Александрович	\N	user	\N	\N	f	2025-06-27 21:05:03.160221+03	2025-06-27 21:05:03.160221+03
86	IM-DAN1-255	Москва	Сейтгазова Эльвира Самятевна	\N	user	\N	\N	f	2025-06-27 21:05:03.160221+03	2025-06-27 21:05:03.160221+03
45	IM-DAN1-287	Воронеж	7 Утра	\N	user	\N	\N	f	2025-06-27 21:05:03.160221+03	2025-06-27 21:05:03.160221+03
250	IM-DAN1-100	Москва	КСИС	\N	user	\N	\N	f	2025-06-27 21:05:03.160221+03	2025-06-27 21:05:03.160221+03
64	IM-DAN1-266	Белгород	"ЗАВОД СПЕЦОБОРУДОВАНИЕ"	\N	user	\N	\N	f	2025-06-27 21:05:03.160221+03	2025-06-27 21:05:03.160221+03
65	IM-LEB4-63	Уфа	Мустаева Рида Гиниатулловна	\N	user	\N	\N	f	2025-06-27 21:05:03.160221+03	2025-06-27 21:05:03.160221+03
66	IM-DAN1-265	Екатеринбург	Патрикеева Светлана Анатольевна	\N	user	\N	\N	f	2025-06-27 21:05:03.160221+03	2025-06-27 21:05:03.160221+03
67	IM-DAN1-261	Лебедянь	Лаврикова Светлана Викторовна	\N	user	\N	\N	f	2025-06-27 21:05:03.160221+03	2025-06-27 21:05:03.160221+03
68	IM-DAN1-262	Москва	Межиев Рамзан Лемаевич	\N	user	\N	\N	f	2025-06-27 21:05:03.160221+03	2025-06-27 21:05:03.160221+03
69	IM-CHA3-10	Москва	Черкашина Юлия Андреевна	\N	user	\N	\N	f	2025-06-27 21:05:03.160221+03	2025-06-27 21:05:03.160221+03
70	IM-CHA3-9	Шарыпово	Ильбаева Юлианна Энгелевна	\N	user	\N	\N	f	2025-06-27 21:05:03.160221+03	2025-06-27 21:05:03.160221+03
71	IM-DAN1-259	Москва	"СТРОИТЕЛЬНО ПРОИЗВОДСТВЕННЫЙ ХОЛДИНГ СЕРВИС АЛЬЯНС"	\N	user	\N	\N	f	2025-06-27 21:05:03.160221+03	2025-06-27 21:05:03.160221+03
72	IM-CHA3-6	Воронеж	Гайдамак Ирина Анатольевна	\N	user	\N	\N	f	2025-06-27 21:05:03.160221+03	2025-06-27 21:05:03.160221+03
73	IM-LEB4-60	Москва	Хуснутдинов Рустем Радикович	\N	user	\N	\N	f	2025-06-27 21:05:03.160221+03	2025-06-27 21:05:03.160221+03
74	IM-CHA3-7	Москва	Свиридова Наталия Леонгардовна	\N	user	\N	\N	f	2025-06-27 21:05:03.160221+03	2025-06-27 21:05:03.160221+03
75	IM-LEB4-59	Тула	Символ	\N	user	\N	\N	f	2025-06-27 21:05:03.160221+03	2025-06-27 21:05:03.160221+03
76	IM-DAN1-258	Новомосковск	ЭЛЕТЕ	\N	user	\N	\N	f	2025-06-27 21:05:03.160221+03	2025-06-27 21:05:03.160221+03
77	IM-DAN1-257	Москва	Матейцов Руслан Анатольевич	\N	user	\N	\N	f	2025-06-27 21:05:03.160221+03	2025-06-27 21:05:03.160221+03
78	IM-LEB4-57	Москва	Любивая Светлана Владимировна	\N	user	\N	\N	f	2025-06-27 21:05:03.160221+03	2025-06-27 21:05:03.160221+03
79	IM-LEB4-56	Ростов-на-Дону	ЦЕНТР ПЕЧАТНЫХ ТЕХНОЛОГИЙ АРТАРТЕЛЬ	\N	user	\N	\N	f	2025-06-27 21:05:03.160221+03	2025-06-27 21:05:03.160221+03
80	IM-CHA3-5	Москва	Калита Марина Викторовна	\N	user	\N	\N	f	2025-06-27 21:05:03.160221+03	2025-06-27 21:05:03.160221+03
81	IM-CHA3-4	Рыбинск	Давыдова Наталия Алексеевна	\N	user	\N	\N	f	2025-06-27 21:05:03.160221+03	2025-06-27 21:05:03.160221+03
82	IM-DAN1-256	Москва	УРАЛ	\N	user	\N	\N	f	2025-06-27 21:05:03.160221+03	2025-06-27 21:05:03.160221+03
83	KU-DAN1-63	Серпухов	СПЕЦОБОРУДОВАНИЕ	\N	user	\N	\N	f	2025-06-27 21:05:03.160221+03	2025-06-27 21:05:03.160221+03
84	IM-LEB4-53	Череповец	ТЕХНОМАШСЕРВИС	\N	user	\N	\N	f	2025-06-27 21:05:03.160221+03	2025-06-27 21:05:03.160221+03
85	IM-LEB4-50	Москва	Мансуров Игорь Рашитович	\N	user	\N	\N	f	2025-06-27 21:05:03.160221+03	2025-06-27 21:05:03.160221+03
87	IM-LEB4-48	Лев Толстой	Дадашева Татьяна Михайловна	\N	user	\N	\N	f	2025-06-27 21:05:03.160221+03	2025-06-27 21:05:03.160221+03
88	IM-LEB4-46	Краснодар	Стрюкова Наталья Сергеевна	\N	user	\N	\N	f	2025-06-27 21:05:03.160221+03	2025-06-27 21:05:03.160221+03
89	SZ-DAN1-19	Данков	Яковлев Макар Витальевич	\N	user	\N	\N	f	2025-06-27 21:05:03.160221+03	2025-06-27 21:05:03.160221+03
90	IM-DAN1-252	Лебедянь	ЛЕБЕДЯНСКИЙ ЗАВОД\nСТРОИТЕЛЬНО-ОТДЕЛОЧНЫХ \nМАШИН	\N	user	\N	\N	f	2025-06-27 21:05:03.160221+03	2025-06-27 21:05:03.160221+03
91	IM-DAN1-251	Всеволожск	РИНСЛЕР ПАК	\N	user	\N	\N	f	2025-06-27 21:05:03.160221+03	2025-06-27 21:05:03.160221+03
92	IM-DAN1-250	Краснодар	Мусаев Бахтияр Игоревич	\N	user	\N	\N	f	2025-06-27 21:05:03.160221+03	2025-06-27 21:05:03.160221+03
93	SZ-CHA3-2	Чаплыгин	САЛЬНИКОВА НАТАЛИЯ СЕРГЕЕВНА	\N	user	\N	\N	f	2025-06-27 21:05:03.160221+03	2025-06-27 21:05:03.160221+03
94	IM-DAN1-249	Самара	Кочетков Максим Николаевич	\N	user	\N	\N	f	2025-06-27 21:05:03.160221+03	2025-06-27 21:05:03.160221+03
95	IM-DAN1-248	Москва	Муромцева Алина Игоревна	\N	user	\N	\N	f	2025-06-27 21:05:03.160221+03	2025-06-27 21:05:03.160221+03
96	IM-DAN1-247	Саранск	Бельских Александр Юрьевич	\N	user	\N	\N	f	2025-06-27 21:05:03.160221+03	2025-06-27 21:05:03.160221+03
97	IM-DAN1-246	Данков	Соседова Ирина Станиславовна	\N	user	\N	\N	f	2025-06-27 21:05:03.160221+03	2025-06-27 21:05:03.160221+03
98	IM-CHA3-3	Чаплыгин	Отрубянникова Ольга Николаевна	\N	user	\N	\N	f	2025-06-27 21:05:03.160221+03	2025-06-27 21:05:03.160221+03
99	SZ-DAN1-18	Лебедянь	Черных Василий Викторович	\N	user	\N	\N	f	2025-06-27 21:05:03.160221+03	2025-06-27 21:05:03.160221+03
100	IM-DAN1-243	Тула	Кирюхин Павел Вячеславович	\N	user	\N	\N	f	2025-06-27 21:05:03.160221+03	2025-06-27 21:05:03.160221+03
101	IM-DAN1-244	Данков	Териченкова Юлия Викторовна	\N	user	\N	\N	f	2025-06-27 21:05:03.160221+03	2025-06-27 21:05:03.160221+03
102	IM-LEB4-30	Москва	Койчуев Махмут Хасанович	\N	user	\N	\N	f	2025-06-27 21:05:03.160221+03	2025-06-27 21:05:03.160221+03
103	IM-DAN1-242	Павловская	Пономаренко Николай Николаевич	\N	user	\N	\N	f	2025-06-27 21:05:03.160221+03	2025-06-27 21:05:03.160221+03
104	IM-DAN1-241	Москва	Плиева Залина Бекхановна	\N	user	\N	\N	f	2025-06-27 21:05:03.160221+03	2025-06-27 21:05:03.160221+03
105	IM-DAN1-237	Москва	Крикоров Рубен Сергеевич	\N	user	\N	\N	f	2025-06-27 21:05:03.160221+03	2025-06-27 21:05:03.160221+03
106	IM-DAN1-239	Москва	Нестеров Евгений Александрович	\N	user	\N	\N	f	2025-06-27 21:05:03.160221+03	2025-06-27 21:05:03.160221+03
107	IM-DAN1-236	Таллы-Буляк	Шариязданов Ришат Инсафович	\N	user	\N	\N	f	2025-06-27 21:05:03.160221+03	2025-06-27 21:05:03.160221+03
108	IM-DAN1-235	Севастополь	Панюкова Екатерина Вячеславовна	\N	user	\N	\N	f	2025-06-27 21:05:03.160221+03	2025-06-27 21:05:03.160221+03
110	IM-DAN1-232	Владивосток	Водяницкий Сергей Сергеевич	\N	user	\N	\N	f	2025-06-27 21:05:03.160221+03	2025-06-27 21:05:03.160221+03
111	IM-DAN1-234	Данков	Яковлев Владимир Иванович	\N	user	\N	\N	f	2025-06-27 21:05:03.160221+03	2025-06-27 21:05:03.160221+03
112	IM-DAN1-233	Одинцово	Волков Антон Анатольевич	\N	user	\N	\N	f	2025-06-27 21:05:03.160221+03	2025-06-27 21:05:03.160221+03
113	IM-DAN1-231	Липецк	Воробьев Александр Викторович	\N	user	\N	\N	f	2025-06-27 21:05:03.160221+03	2025-06-27 21:05:03.160221+03
114	IM-DAN1-229	Казань	Хаиров Камиль Рифкатович	\N	user	\N	\N	f	2025-06-27 21:05:03.160221+03	2025-06-27 21:05:03.160221+03
115	IM-DAN1-230	Красногорск	Гук Анна Владимировна	\N	user	\N	\N	f	2025-06-27 21:05:03.160221+03	2025-06-27 21:05:03.160221+03
116	IM-DAN1-228	Рязань	Кулаков Роман Олегович	\N	user	\N	\N	f	2025-06-27 21:05:03.160221+03	2025-06-27 21:05:03.160221+03
117	KU-DAN1-62	Санкт-Петербург	КОНТИНЕНТАЛЬ	\N	user	\N	\N	f	2025-06-27 21:05:03.160221+03	2025-06-27 21:05:03.160221+03
19	KU-DAN1-66	Елец	МАЯК	\N	user	\N	\N	f	2025-06-27 21:05:03.160221+03	2025-06-27 21:05:03.160221+03
198	IM-DAN1-173	Москва	КОФЕ ПРАЙМ	\N	user	\N	\N	f	2025-06-27 21:05:03.160221+03	2025-06-27 21:05:03.160221+03
15	IM-DAN1-319	Ижевск	Абашев Тимур Азатович	\N	user	\N	\N	f	2025-06-27 21:05:03.160221+03	2025-06-27 21:05:03.160221+03
16	IM-DAN1-314	Великий Новгород	ООО ТД КОНТУР	\N	user	\N	\N	f	2025-06-27 21:05:03.160221+03	2025-06-27 21:05:03.160221+03
17	IM-DAN1-313	Москва	Крутилин Виталий Сергеевич	\N	user	\N	\N	f	2025-06-27 21:05:03.160221+03	2025-06-27 21:05:03.160221+03
18	IM-DAN1-311	Ульяновск	Санатуллин Булат Илдусович	\N	user	\N	\N	f	2025-06-27 21:05:03.160221+03	2025-06-27 21:05:03.160221+03
20	IM-DAN1-310	Санкт-Петербург	Кудрявцев Михаил Олегович	\N	user	\N	\N	f	2025-06-27 21:05:03.160221+03	2025-06-27 21:05:03.160221+03
21	IM-DAN1-308	Санкт-Петербург	ПЕРВАЯ ЗДРАВНИЦА	\N	user	\N	\N	f	2025-06-27 21:05:03.160221+03	2025-06-27 21:05:03.160221+03
22	SZ-DAN1-21	Лебедянь	Кобалев Григорий Васильевич	\N	user	\N	\N	f	2025-06-27 21:05:03.160221+03	2025-06-27 21:05:03.160221+03
23	IM-DAN1-307	Новосибирск	АСТРА+	\N	user	\N	\N	f	2025-06-27 21:05:03.160221+03	2025-06-27 21:05:03.160221+03
24	IM-DAN1-306	Красногорск	Колев Вячеслав Николаевич	\N	user	\N	\N	f	2025-06-27 21:05:03.160221+03	2025-06-27 21:05:03.160221+03
25	IM-DAN1-304	Люберцы	ЭСТЕЙТ ГРУПП	\N	user	\N	\N	f	2025-06-27 21:05:03.160221+03	2025-06-27 21:05:03.160221+03
26	KU-DAN1-65	Соловьевск	ПРИИСК СОЛОВЬЁВСКИЙ	\N	user	\N	\N	f	2025-06-27 21:05:03.160221+03	2025-06-27 21:05:03.160221+03
27	IM-DAN1-303	Владимир	ДАЙТОНА МОТОРС	\N	user	\N	\N	f	2025-06-27 21:05:03.160221+03	2025-06-27 21:05:03.160221+03
28	IM-DAN1-302	Липецк	СПЕЦЭНЕРГОЦЕНТР	\N	user	\N	\N	f	2025-06-27 21:05:03.160221+03	2025-06-27 21:05:03.160221+03
29	IM-DAN1-301	Иваново	Коновалова Виктория Викторовна	\N	user	\N	\N	f	2025-06-27 21:05:03.160221+03	2025-06-27 21:05:03.160221+03
30	IM-DAN1-300	Данков	ДАНКОВСКИЙ\nМОЛОЧНЫЙ ЗАВОД	\N	user	\N	\N	f	2025-06-27 21:05:03.160221+03	2025-06-27 21:05:03.160221+03
31	IM-DAN1-298	Данков	АВТОТЕХСНАБ	\N	user	\N	\N	f	2025-06-27 21:05:03.160221+03	2025-06-27 21:05:03.160221+03
32	IM-DAN1-297	Москва	КМ МЕДИА - ДЕВЕЛОПМЕНТ	\N	user	\N	\N	f	2025-06-27 21:05:03.160221+03	2025-06-27 21:05:03.160221+03
33	IM-DAN1-296	Липецк	Усова Анна Юрьевна	\N	user	\N	\N	f	2025-06-27 21:05:03.160221+03	2025-06-27 21:05:03.160221+03
34	IM-DAN1-289	Москва	БЕЛОПТОВИК	\N	user	\N	\N	f	2025-06-27 21:05:03.160221+03	2025-06-27 21:05:03.160221+03
35	KU-DAN1-64	Томск	Буханцов Максим Валериевич	\N	user	\N	\N	f	2025-06-27 21:05:03.160221+03	2025-06-27 21:05:03.160221+03
36	IM-DAN1-295	Симферополь	Беднарский Денис Николаевич	\N	user	\N	\N	f	2025-06-27 21:05:03.160221+03	2025-06-27 21:05:03.160221+03
37	IM-DAN1-294	Благовещенск	ФЕДОРОВ\nКИРИЛЛ КОНСТАНТИНОВИЧ	\N	user	\N	\N	f	2025-06-27 21:05:03.160221+03	2025-06-27 21:05:03.160221+03
38	IM-DAN1-293	Краснодар	СИРИУС НПВ	\N	user	\N	\N	f	2025-06-27 21:05:03.160221+03	2025-06-27 21:05:03.160221+03
39	IM-DAN1-292	Данков	Жданова Елена Анатольевна	\N	user	\N	\N	f	2025-06-27 21:05:03.160221+03	2025-06-27 21:05:03.160221+03
40	IM-DAN1-291	Старощербиновская	Полуян Оксана Александровна	\N	user	\N	\N	f	2025-06-27 21:05:03.160221+03	2025-06-27 21:05:03.160221+03
41	IM-DAN1-290	Давлеканово	ЗООСТРИТ	\N	user	\N	\N	f	2025-06-27 21:05:03.160221+03	2025-06-27 21:05:03.160221+03
42	SZ-DAN1-20	Саратов	Кочергина Ольга Викторовна	\N	user	\N	\N	f	2025-06-27 21:05:03.160221+03	2025-06-27 21:05:03.160221+03
43	IM-DAN1-288	Рязань	Самохин Николай Иванович	\N	user	\N	\N	f	2025-06-27 21:05:03.160221+03	2025-06-27 21:05:03.160221+03
44	IM-DAN1-286	Москва	Сергин Александр Владимирович	\N	user	\N	\N	f	2025-06-27 21:05:03.160221+03	2025-06-27 21:05:03.160221+03
46	IM-DAN1-285	Москва	Аникина Евгения Андреевна	\N	user	\N	\N	f	2025-06-27 21:05:03.160221+03	2025-06-27 21:05:03.160221+03
47	IM-DAN1-284	Москва	ФАЙВ ОКЛОК	\N	user	\N	\N	f	2025-06-27 21:05:03.160221+03	2025-06-27 21:05:03.160221+03
48	IM-DAN1-283	Самара	ПРОИЗВОДСТВЕННАЯ\nКОМПАНИЯ "ГУДПАРТС	\N	user	\N	\N	f	2025-06-27 21:05:03.160221+03	2025-06-27 21:05:03.160221+03
49	IM-DAN1-282	Москва	ХМ ТЕХНОЛОДЖИ	\N	user	\N	\N	f	2025-06-27 21:05:03.160221+03	2025-06-27 21:05:03.160221+03
50	IM-DAN1-281	Тамбов	ДОКТОР Ч	\N	user	\N	\N	f	2025-06-27 21:05:03.160221+03	2025-06-27 21:05:03.160221+03
51	IM-DAN1-280	Москва	Гаджиева Инга Валерьевна	\N	user	\N	\N	f	2025-06-27 21:05:03.160221+03	2025-06-27 21:05:03.160221+03
52	IM-DAN1-279	Саратов	ЭЛЕКТРОДЕТАЛЬ	\N	user	\N	\N	f	2025-06-27 21:05:03.160221+03	2025-06-27 21:05:03.160221+03
53	IM-DAN1-278	Москва	ТАРАСОВА НАТАЛЬЯ СЕРГЕЕВНА	\N	user	\N	\N	f	2025-06-27 21:05:03.160221+03	2025-06-27 21:05:03.160221+03
54	IM-DAN1-277	Старые Селищи	Чечулин Виктор Евгеньевич	\N	user	\N	\N	f	2025-06-27 21:05:03.160221+03	2025-06-27 21:05:03.160221+03
55	IM-DAN1-275	Данков	ЛАПЛАНД	\N	user	\N	\N	f	2025-06-27 21:05:03.160221+03	2025-06-27 21:05:03.160221+03
56	IM-DAN1-274	Березовский, \nБерёзовский г/о	ПРОИЗВОДСТВЕННАЯ КОМПАНИЯ\n"УНИВЕРСАЛЬНЫЕ КАБЕЛЬНЫЕ СИСТЕМЫ	\N	user	\N	\N	f	2025-06-27 21:05:03.160221+03	2025-06-27 21:05:03.160221+03
58	IM-DAN1-271	Новосибирск	АСТРА ПЛЮС	\N	user	\N	\N	f	2025-06-27 21:05:03.160221+03	2025-06-27 21:05:03.160221+03
59	IM-DAN1-270	Казань	САН-Т	\N	user	\N	\N	f	2025-06-27 21:05:03.160221+03	2025-06-27 21:05:03.160221+03
60	IM-DAN1-272	Москва	Цицин Александр Анатольевич	\N	user	\N	\N	f	2025-06-27 21:05:03.160221+03	2025-06-27 21:05:03.160221+03
61	IM-DAN1-267	Клинцы	Мельникова Александра Игоревна	\N	user	\N	\N	f	2025-06-27 21:05:03.160221+03	2025-06-27 21:05:03.160221+03
326	ИМ-РФ-DAN1-2	Данков	Сячинова Наталия Петровна	\N	user	\N	\N	f	2025-06-27 21:05:03.160221+03	2025-06-27 21:05:03.160221+03
327	КУ-РФ-DAN1-7	Данков	Панина Марина Владимировна	\N	user	\N	\N	f	2025-06-27 21:05:03.160221+03	2025-06-27 21:05:03.160221+03
329	СЗ-РФ-DAN1-1	Данков	Новикова Надежда Вячеславовна	\N	user	\N	\N	f	2025-06-27 21:05:03.160221+03	2025-06-27 21:05:03.160221+03
330	КУ-РФ-DAN1-5	Данков	Сячинов Сергей Николаевич	\N	user	\N	\N	f	2025-06-27 21:05:03.160221+03	2025-06-27 21:05:03.160221+03
332	КУ-РФ-DAN1-1	Данков	СОЮЗ Бетон	\N	user	\N	\N	f	2025-06-27 21:05:03.160221+03	2025-06-27 21:05:03.160221+03
309	IM-DAN1-19	Москва	ВЕНДСЕРВИС	\N	user	\N	\N	f	2025-06-27 21:05:03.160221+03	2025-06-27 21:05:03.160221+03
306	IM-DAN1-24	Уфа	Хайбрахманов Азат Илфирович	\N	user	\N	\N	f	2025-06-27 21:05:03.160221+03	2025-06-27 21:05:03.160221+03
118	IM-DAN1-225	тверь	ПРОСТЫЕ ПРЕДМЕТЫ	\N	user	\N	\N	f	2025-06-27 21:05:03.160221+03	2025-06-27 21:05:03.160221+03
119	IM-DAN1-224	Ярославль	Ремезова Зоя Александровна	\N	user	\N	\N	f	2025-06-27 21:05:03.160221+03	2025-06-27 21:05:03.160221+03
120	IM-DAN1-223	Саратов	СМАРТ ХАУС	\N	user	\N	\N	f	2025-06-27 21:05:03.160221+03	2025-06-27 21:05:03.160221+03
121	IM-CHA3-2	Чаплыгин, Чаплыгинский район	АГРОФИРМА АГРО-СОЮЗ	\N	user	\N	\N	f	2025-06-27 21:05:03.160221+03	2025-06-27 21:05:03.160221+03
122	KU-CHA3-1	Кривополянье	МОНАСТЫРЕВ	\N	user	\N	\N	f	2025-06-27 21:05:03.160221+03	2025-06-27 21:05:03.160221+03
123	IM-DAN1-220	Москва	Емельянова Мария Александровна	\N	user	\N	\N	f	2025-06-27 21:05:03.160221+03	2025-06-27 21:05:03.160221+03
109	IM-DAN1-227	Воронеж	Дунаева Виктория Павловна	\N	user	\N	\N	f	2025-06-27 21:05:03.160221+03	2025-06-27 21:05:03.160221+03
126	IM-DAN1-217	Баловнево, Данковский р-н	Белоусова Ирина Александровна	\N	user	\N	\N	f	2025-06-27 21:05:03.160221+03	2025-06-27 21:05:03.160221+03
127	IM-LEB4-43	Москва	ПРОФЕССИОНАЛЬНАЯ ГИГИЕНА	\N	user	\N	\N	f	2025-06-27 21:05:03.160221+03	2025-06-27 21:05:03.160221+03
128	IM-DAN1-216	Москва	Мамонтов Павел Константинович	\N	user	\N	\N	f	2025-06-27 21:05:03.160221+03	2025-06-27 21:05:03.160221+03
129	IM-LEB4-40	Липецк	Майкова Людмила Анатольевна	\N	user	\N	\N	f	2025-06-27 21:05:03.160221+03	2025-06-27 21:05:03.160221+03
130	IM-DAN1-215	Волово	Аносов Александр Александрович	\N	user	\N	\N	f	2025-06-27 21:05:03.160221+03	2025-06-27 21:05:03.160221+03
131	IM-LEB4-41	Данков	Кудрявцева Екатерина Владимировна	\N	user	\N	\N	f	2025-06-27 21:05:03.160221+03	2025-06-27 21:05:03.160221+03
132	IM-LEB4-38	Брянск	Прозорова Дарья Викторовна	\N	user	\N	\N	f	2025-06-27 21:05:03.160221+03	2025-06-27 21:05:03.160221+03
133	SZ-LEB4-3	Иваново	ФЕДОРОВА ОЛЬГА НИКОЛАЕВНА	\N	user	\N	\N	f	2025-06-27 21:05:03.160221+03	2025-06-27 21:05:03.160221+03
135	IM-LEB4-37	Данков	Логинова Наталья Михайловна	\N	user	\N	\N	f	2025-06-27 21:05:03.160221+03	2025-06-27 21:05:03.160221+03
136	IM-LEB4-35	Киреевск	Козырева Мария Андреевна	\N	user	\N	\N	f	2025-06-27 21:05:03.160221+03	2025-06-27 21:05:03.160221+03
137	IM-LEB4-32	Воронеж	Кривошеев Игорь Юрьевич	\N	user	\N	\N	f	2025-06-27 21:05:03.160221+03	2025-06-27 21:05:03.160221+03
139	IM-LEB4-29	Владимир	Новикова Анастасия Михайловна	\N	user	\N	\N	f	2025-06-27 21:05:03.160221+03	2025-06-27 21:05:03.160221+03
140	SZ-DAN1-17	Данков	Минин Михаил Вячеславович	\N	user	\N	\N	f	2025-06-27 21:05:03.160221+03	2025-06-27 21:05:03.160221+03
141	IM-DAN1-212	Санкт-Петербург	Савченко Роман Викторович	\N	user	\N	\N	f	2025-06-27 21:05:03.160221+03	2025-06-27 21:05:03.160221+03
142	IM-DAN1-211	Челябинск	ЭЛКРАФТ	\N	user	\N	\N	f	2025-06-27 21:05:03.160221+03	2025-06-27 21:05:03.160221+03
143	SZ-CHA3-1	Чаплыгин	Варварин Александр Анатольевич	\N	user	\N	\N	f	2025-06-27 21:05:03.160221+03	2025-06-27 21:05:03.160221+03
144	SZ-DAN1-16	Москва	Обрывалин Максим Геннадьевич	\N	user	\N	\N	f	2025-06-27 21:05:03.160221+03	2025-06-27 21:05:03.160221+03
145	IM-LEB4-26	Солнечногорск	Андреева Светлана Алексеевна	\N	user	\N	\N	f	2025-06-27 21:05:03.160221+03	2025-06-27 21:05:03.160221+03
146	IM-DAN1-209	Саратов	Яковлев Роман Вячеславович	\N	user	\N	\N	f	2025-06-27 21:05:03.160221+03	2025-06-27 21:05:03.160221+03
147	IM-LEB4-25	Сальск	Ревякин Николай Николаевич	\N	user	\N	\N	f	2025-06-27 21:05:03.160221+03	2025-06-27 21:05:03.160221+03
148	IM-DAN1-207	Псеево	Шириев Ринас Ринатович	\N	user	\N	\N	f	2025-06-27 21:05:03.160221+03	2025-06-27 21:05:03.160221+03
149	SZ-DAN1-15	Ижевск	КОЗАЧЕНКО ЕЛЕНА ВИКТОРОВНА	\N	user	\N	\N	f	2025-06-27 21:05:03.160221+03	2025-06-27 21:05:03.160221+03
150	IM-DAN1-206	Саратов	Скиба Антон Николаевич	\N	user	\N	\N	f	2025-06-27 21:05:03.160221+03	2025-06-27 21:05:03.160221+03
151	IM-LEB4-24	Нижний Новгород	Наумов Сергей Анатольевич	\N	user	\N	\N	f	2025-06-27 21:05:03.160221+03	2025-06-27 21:05:03.160221+03
152	SZ-DAN1-14	Рязань	НОВОЖИЛОВ ВЯЧЕСЛАВ АЛЕКСАНДРОВИЧ	\N	user	\N	\N	f	2025-06-27 21:05:03.160221+03	2025-06-27 21:05:03.160221+03
153	SZ-LEB4-2	Лев Толстой	Толкачева Наталия Владимировна	\N	user	\N	\N	f	2025-06-27 21:05:03.160221+03	2025-06-27 21:05:03.160221+03
154	IM-DAN1-203	Балашиха	Гладков Артем Валерьевич	\N	user	\N	\N	f	2025-06-27 21:05:03.160221+03	2025-06-27 21:05:03.160221+03
155	IM-DAN1-201	Кострома	АЛЬЯНС КОМПАНИ	\N	user	\N	\N	f	2025-06-27 21:05:03.160221+03	2025-06-27 21:05:03.160221+03
156	IM-LEB4-22	Владивосток	Маслов Леонид Михайлович	\N	user	\N	\N	f	2025-06-27 21:05:03.160221+03	2025-06-27 21:05:03.160221+03
157	IM-DAN1-198	Данков	Абовян Анна Грачиковна	\N	user	\N	\N	f	2025-06-27 21:05:03.160221+03	2025-06-27 21:05:03.160221+03
159	SZ-DAN1-13	Красноярск	Рогальникова Евгения Валерьевна	\N	user	\N	\N	f	2025-06-27 21:05:03.160221+03	2025-06-27 21:05:03.160221+03
160	IM-LEB4-21	Парковое	Сысоев Дмитрий Леонидович	\N	user	\N	\N	f	2025-06-27 21:05:03.160221+03	2025-06-27 21:05:03.160221+03
162	IM-DAN1-196	Химки	СЕРВИС- ЦЕНТР	\N	user	\N	\N	f	2025-06-27 21:05:03.160221+03	2025-06-27 21:05:03.160221+03
163	IM-DAN1-195	Лебедянь	Мусаев Гази Гасангусейнович	\N	user	\N	\N	f	2025-06-27 21:05:03.160221+03	2025-06-27 21:05:03.160221+03
164	IM-DAN1-194	Владимир	ДЕКА-СТРОЙ	\N	user	\N	\N	f	2025-06-27 21:05:03.160221+03	2025-06-27 21:05:03.160221+03
165	KU-LEB4-8	Санкт-Петербург	СТЭПСВЯЗЬКОМПЛЕКС	\N	user	\N	\N	f	2025-06-27 21:05:03.160221+03	2025-06-27 21:05:03.160221+03
166	IM-LEB4-19	Донецк, Ростовская область	Маслаков Дмитрий Викторович	\N	user	\N	\N	f	2025-06-27 21:05:03.160221+03	2025-06-27 21:05:03.160221+03
167	IM-DAN1-192	Железногорск, городской округ Железногорск	Макарова Ирина Васильевна	\N	user	\N	\N	f	2025-06-27 21:05:03.160221+03	2025-06-27 21:05:03.160221+03
168	IM-DAN1-191	Ставрополь	Мовсесян Лина Сергеевна	\N	user	\N	\N	f	2025-06-27 21:05:03.160221+03	2025-06-27 21:05:03.160221+03
170	IM-LEB4-17	Барнаул	Сазин Александр Викторович	\N	user	\N	\N	f	2025-06-27 21:05:03.160221+03	2025-06-27 21:05:03.160221+03
171	IM-DAN1-190	Челябинск	Фоминых Екатерина Эдуардовна	\N	user	\N	\N	f	2025-06-27 21:05:03.160221+03	2025-06-27 21:05:03.160221+03
172	IM-DAN1-189	Батайск	АНЦЕЛЛ	\N	user	\N	\N	f	2025-06-27 21:05:03.160221+03	2025-06-27 21:05:03.160221+03
173	IM-DAN1-188	Москва	САУНДБОКС	\N	user	\N	\N	f	2025-06-27 21:05:03.160221+03	2025-06-27 21:05:03.160221+03
174	IM-LEB4-16	Киров, городской округ Киров	Беляева Елена Сергеевна	\N	user	\N	\N	f	2025-06-27 21:05:03.160221+03	2025-06-27 21:05:03.160221+03
175	SZ-DAN1-11	Ставрополь	Сапунова Анжела Юрьевна	\N	user	\N	\N	f	2025-06-27 21:05:03.160221+03	2025-06-27 21:05:03.160221+03
176	IM-DAN1-186	Москва	НАНТО	\N	user	\N	\N	f	2025-06-27 21:05:03.160221+03	2025-06-27 21:05:03.160221+03
178	KU-LEB4-4	Новозыбков	ДЕЛЬТА	\N	user	\N	\N	f	2025-06-27 21:05:03.160221+03	2025-06-27 21:05:03.160221+03
179	IM-DAN1-185	Москва	АГРОКОМПЛЕКТ	\N	user	\N	\N	f	2025-06-27 21:05:03.160221+03	2025-06-27 21:05:03.160221+03
180	IM-DAN1-184	Воронеж	ШИННЫЙ ЭКСПРЕСС	\N	user	\N	\N	f	2025-06-27 21:05:03.160221+03	2025-06-27 21:05:03.160221+03
181	IM-LEB4-11	Березовский, Берёзовский г/о	ГРАДИЕНТ	\N	user	\N	\N	f	2025-06-27 21:05:03.160221+03	2025-06-27 21:05:03.160221+03
182	IM-LEB4-9	Нижний Новгород	Сидоров Михаил Евгеньевич	\N	user	\N	\N	f	2025-06-27 21:05:03.160221+03	2025-06-27 21:05:03.160221+03
183	IM-DAN1-183	Сургут	Анисимов Алексей Иванович	\N	user	\N	\N	f	2025-06-27 21:05:03.160221+03	2025-06-27 21:05:03.160221+03
184	IM-DAN1-181	Лебедянь	Оруджев Элдар Вахид Оглы	\N	user	\N	\N	f	2025-06-27 21:05:03.160221+03	2025-06-27 21:05:03.160221+03
161	IM-DAN1-197	Воронеж	ДЕНТИС	\N	user	\N	\N	f	2025-06-27 21:05:03.160221+03	2025-06-27 21:05:03.160221+03
169	KU-DAN1-55	Ростов-на-Дону	РУСАУРО	\N	user	\N	\N	f	2025-06-27 21:05:03.160221+03	2025-06-27 21:05:03.160221+03
249	KU-DAN1-40	Воронеж	ВОРОНЕЖМАСЛОСБЫТ	\N	user	\N	\N	f	2025-06-27 21:05:03.160221+03	2025-06-27 21:05:03.160221+03
186	IM-LEB4-8	Липецк	Асадова Фарида Азизовна	\N	user	\N	\N	f	2025-06-27 21:05:03.160221+03	2025-06-27 21:05:03.160221+03
187	IM-LEB4-7	Череповец	СПЕЦАВТОМАТИКА	\N	user	\N	\N	f	2025-06-27 21:05:03.160221+03	2025-06-27 21:05:03.160221+03
188	KU-LEB4-1	Новокосино	Черноусов Евгений Валентинович	\N	user	\N	\N	f	2025-06-27 21:05:03.160221+03	2025-06-27 21:05:03.160221+03
189	IM-DAN1-178	Медведок	Иванова Елена Алексеевна	\N	user	\N	\N	f	2025-06-27 21:05:03.160221+03	2025-06-27 21:05:03.160221+03
190	IM-DAN1-177	Москва	Хлыстов Алексей Федорович	\N	user	\N	\N	f	2025-06-27 21:05:03.160221+03	2025-06-27 21:05:03.160221+03
191	IM-DAN1-176	Москва	Пушкарёв Павел Владимирович	\N	user	\N	\N	f	2025-06-27 21:05:03.160221+03	2025-06-27 21:05:03.160221+03
192	SZ-DAN1-8	Санкт-Петербург	Калинин Владислав Игоревич	\N	user	\N	\N	f	2025-06-27 21:05:03.160221+03	2025-06-27 21:05:03.160221+03
193	IM-LEB4-5	Павелка	Дронина Наталия Александровна	\N	user	\N	\N	f	2025-06-27 21:05:03.160221+03	2025-06-27 21:05:03.160221+03
194	IM-DAN1-175	Санкт-Петербург	Карабухина Алена Дмитриевна	\N	user	\N	\N	f	2025-06-27 21:05:03.160221+03	2025-06-27 21:05:03.160221+03
195	SZ-DAN1-7	Ростов-на-Дону	Ануфриенко Михаил Михайлович	\N	user	\N	\N	f	2025-06-27 21:05:03.160221+03	2025-06-27 21:05:03.160221+03
196	IM-LEB4-2	Липецк	Деулина Анастасия Сергеена	\N	user	\N	\N	f	2025-06-27 21:05:03.160221+03	2025-06-27 21:05:03.160221+03
201	IM-DAN1-170	Тамбов	ВОЕНЩИТЭЛЕКТРО	\N	user	\N	\N	f	2025-06-27 21:05:03.160221+03	2025-06-27 21:05:03.160221+03
202	IM-DAN1-168	Данков	Смирнова Вера Ивановна	\N	user	\N	\N	f	2025-06-27 21:05:03.160221+03	2025-06-27 21:05:03.160221+03
203	IM-DAN1-167	Красногорск	УНИПРОМ	\N	user	\N	\N	f	2025-06-27 21:05:03.160221+03	2025-06-27 21:05:03.160221+03
204	KU-DAN1-53	Нижний Новгород	НСК-НН	\N	user	\N	\N	f	2025-06-27 21:05:03.160221+03	2025-06-27 21:05:03.160221+03
206	IM-DAN1-165	Санкт-Петербург	Омельчук Сергей Вячеславович	\N	user	\N	\N	f	2025-06-27 21:05:03.160221+03	2025-06-27 21:05:03.160221+03
207	IM-DAN1-163	Ростов-на-Дону	Добренький Александр Владимирович	\N	user	\N	\N	f	2025-06-27 21:05:03.160221+03	2025-06-27 21:05:03.160221+03
208	IM-DAN1-162	Хабаровск	Сомов Андрей Константинович	\N	user	\N	\N	f	2025-06-27 21:05:03.160221+03	2025-06-27 21:05:03.160221+03
209	IM-DAN1-161	Санкт-Петербург	Чиркова Елена Сергеевна	\N	user	\N	\N	f	2025-06-27 21:05:03.160221+03	2025-06-27 21:05:03.160221+03
210	IM-DAN1-160	Благовещенск	АМУР-ЛИДЕР	\N	user	\N	\N	f	2025-06-27 21:05:03.160221+03	2025-06-27 21:05:03.160221+03
211	IM-DAN1-159	Екатеринбург	УРАЛДРОНЗАВОД	\N	user	\N	\N	f	2025-06-27 21:05:03.160221+03	2025-06-27 21:05:03.160221+03
213	IM-DAN1-157	Астрахань	Халиулин Ильдар Ризванович	\N	user	\N	\N	f	2025-06-27 21:05:03.160221+03	2025-06-27 21:05:03.160221+03
214	IM-DAN1-156	Нижний Новгород	Ольшанский Борис Григорьевич	\N	user	\N	\N	f	2025-06-27 21:05:03.160221+03	2025-06-27 21:05:03.160221+03
215	IM-DAN1-155	Калининград	АЛЬТЕРНАТИВА	\N	user	\N	\N	f	2025-06-27 21:05:03.160221+03	2025-06-27 21:05:03.160221+03
216	IM-DAN1-151	Казань	МОБИЛЬНЫЙ МАЛЫШ	\N	user	\N	\N	f	2025-06-27 21:05:03.160221+03	2025-06-27 21:05:03.160221+03
217	IM-DAN1-150	Москва	Шушунова Евгения Васильевна	\N	user	\N	\N	f	2025-06-27 21:05:03.160221+03	2025-06-27 21:05:03.160221+03
219	IM-DAN1-145	Черкесск	НОРДВЕСТ	\N	user	\N	\N	f	2025-06-27 21:05:03.160221+03	2025-06-27 21:05:03.160221+03
220	IM-DAN1-143	Москва	Криволапова Наталья Анатольевна	\N	user	\N	\N	f	2025-06-27 21:05:03.160221+03	2025-06-27 21:05:03.160221+03
221	IM-DAN1-142	Саратов	СИЛЬВЕР-ЛАЙН	\N	user	\N	\N	f	2025-06-27 21:05:03.160221+03	2025-06-27 21:05:03.160221+03
222	KU-DAN1-51	Екатеринбург	УПЦ	\N	user	\N	\N	f	2025-06-27 21:05:03.160221+03	2025-06-27 21:05:03.160221+03
223	IM-DAN1-134	Самара	Чертопрудов Дмитрий Владимирович	\N	user	\N	\N	f	2025-06-27 21:05:03.160221+03	2025-06-27 21:05:03.160221+03
224	IM-DAN1-133	Челябинск	МВП	\N	user	\N	\N	f	2025-06-27 21:05:03.160221+03	2025-06-27 21:05:03.160221+03
225	IM-DAN1-132	Нижний Тагил	Морозов Александр Юрьевич	\N	user	\N	\N	f	2025-06-27 21:05:03.160221+03	2025-06-27 21:05:03.160221+03
226	SZ-DAN1-6	Липецк	Жабин Сергей Александрович	\N	user	\N	\N	f	2025-06-27 21:05:03.160221+03	2025-06-27 21:05:03.160221+03
229	IM-DAN1-125	Подольск	Ефимова Анна Викторовна	\N	user	\N	\N	f	2025-06-27 21:05:03.160221+03	2025-06-27 21:05:03.160221+03
230	IM-DAN1-123	Москва	Оскуи Сиаваш	\N	user	\N	\N	f	2025-06-27 21:05:03.160221+03	2025-06-27 21:05:03.160221+03
232	IM-DAN1-121	Самара	Сараев Вячеслав Владимирович	\N	user	\N	\N	f	2025-06-27 21:05:03.160221+03	2025-06-27 21:05:03.160221+03
233	IM-DAN1-120	Дзержинск	Никитин Александр Васильевич	\N	user	\N	\N	f	2025-06-27 21:05:03.160221+03	2025-06-27 21:05:03.160221+03
234	IM-DAN1-117	Красногорск	Покшан Денис Иванович	\N	user	\N	\N	f	2025-06-27 21:05:03.160221+03	2025-06-27 21:05:03.160221+03
235	KU-DAN1-48	Горно-Алтайск	ТЕХНИК-СЕРВИС	\N	user	\N	\N	f	2025-06-27 21:05:03.160221+03	2025-06-27 21:05:03.160221+03
236	IM-DAN1-116	Нижний Новгород	Лапина Антонина Федоровна	\N	user	\N	\N	f	2025-06-27 21:05:03.160221+03	2025-06-27 21:05:03.160221+03
239	IM-DAN1-113	Санкт-Петербург	Стэнлипол СПб	\N	user	\N	\N	f	2025-06-27 21:05:03.160221+03	2025-06-27 21:05:03.160221+03
241	KU-DAN1-45	Дмитров	ИНДАКО	\N	user	\N	\N	f	2025-06-27 21:05:03.160221+03	2025-06-27 21:05:03.160221+03
242	KU-DAN1-44	Сургут	АРБУЗ	\N	user	\N	\N	f	2025-06-27 21:05:03.160221+03	2025-06-27 21:05:03.160221+03
243	IM-DAN1-107	Павлово	ПЛАСТИК	\N	user	\N	\N	f	2025-06-27 21:05:03.160221+03	2025-06-27 21:05:03.160221+03
244	IM-DAN1-106	Москва	КОМПРЕССОР	\N	user	\N	\N	f	2025-06-27 21:05:03.160221+03	2025-06-27 21:05:03.160221+03
245	IM-DAN1-105	Москва	ПТА	\N	user	\N	\N	f	2025-06-27 21:05:03.160221+03	2025-06-27 21:05:03.160221+03
246	KU-DAN1-42	Воронеж	РЕФТРАНСАВТО	\N	user	\N	\N	f	2025-06-27 21:05:03.160221+03	2025-06-27 21:05:03.160221+03
248	KU-DAN1-41	Нижний Новгород	СИНТЕЗ-ХСС	\N	user	\N	\N	f	2025-06-27 21:05:03.160221+03	2025-06-27 21:05:03.160221+03
205	IM-DAN1-166	Краснодар	ЮГТЕХНО	\N	user	\N	\N	f	2025-06-27 21:05:03.160221+03	2025-06-27 21:05:03.160221+03
212	IM-DAN1-158	Череповец	Фролова Мария Александровна	\N	user	\N	\N	f	2025-06-27 21:05:03.160221+03	2025-06-27 21:05:03.160221+03
218	IM-DAN1-146	Оренбург	Плотникова Вера Васильевна	\N	user	\N	\N	f	2025-06-27 21:05:03.160221+03	2025-06-27 21:05:03.160221+03
227	IM-DAN1-130	Екатеринбург	Харьков Николай Петрович	\N	user	\N	\N	f	2025-06-27 21:05:03.160221+03	2025-06-27 21:05:03.160221+03
231	IM-DAN1-122	Краснодар	Куренной Сергей Викторович	\N	user	\N	\N	f	2025-06-27 21:05:03.160221+03	2025-06-27 21:05:03.160221+03
240	KU-DAN1-46	Воронеж	Контакт	\N	user	\N	\N	f	2025-06-27 21:05:03.160221+03	2025-06-27 21:05:03.160221+03
247	IM-DAN1-103	Данков	Кофанова Наталья Анатольевна	\N	user	\N	\N	f	2025-06-27 21:05:03.160221+03	2025-06-27 21:05:03.160221+03
238	KU-DAN1-47	Нижний Новгород	ЛИФТРЕМОНТ	\N	user	\N	\N	f	2025-06-27 21:05:03.160221+03	2025-06-27 21:05:03.160221+03
237	IM-DAN1-115	Москва	АЙКОН	\N	user	\N	\N	f	2025-06-27 21:05:03.160221+03	2025-06-27 21:05:03.160221+03
253	IM-DAN1-96	Москва	Петряков Николай Николаевич	\N	user	\N	\N	f	2025-06-27 21:05:03.160221+03	2025-06-27 21:05:03.160221+03
254	SZ-DAN1-5	Самара	Пыркина Алена Владимировна	\N	user	\N	\N	f	2025-06-27 21:05:03.160221+03	2025-06-27 21:05:03.160221+03
256	IM-DAN1-94	Масловка	СЫР-БОР МАСЛОВКА	\N	user	\N	\N	f	2025-06-27 21:05:03.160221+03	2025-06-27 21:05:03.160221+03
257	IM-DAN1-93	Москва	НС КЛИМАТ	\N	user	\N	\N	f	2025-06-27 21:05:03.160221+03	2025-06-27 21:05:03.160221+03
258	IM-DAN1-92	Псков	Васильева Наталья Николаевна	\N	user	\N	\N	f	2025-06-27 21:05:03.160221+03	2025-06-27 21:05:03.160221+03
259	IM-DAN1-90	Жуков	Яненкова Алина Михайловна	\N	user	\N	\N	f	2025-06-27 21:05:03.160221+03	2025-06-27 21:05:03.160221+03
260	IM-DAN1-88	Москва	КОНТРОЛЬ ХОЛОДА	\N	user	\N	\N	f	2025-06-27 21:05:03.160221+03	2025-06-27 21:05:03.160221+03
261	IM-DAN1-86	Волгоград	Глазова Аннастасия Владимировна	\N	user	\N	\N	f	2025-06-27 21:05:03.160221+03	2025-06-27 21:05:03.160221+03
263	IM-DAN1-78	Липецк	Обувная компания НОЙ	\N	user	\N	\N	f	2025-06-27 21:05:03.160221+03	2025-06-27 21:05:03.160221+03
264	IM-DAN1-77	Владимир	КОМПАНИЯ СТРОЙУНИВЕРСАЛ	\N	user	\N	\N	f	2025-06-27 21:05:03.160221+03	2025-06-27 21:05:03.160221+03
265	KU-DAN1-26	Саратов	Антонова Марина Сергеевна	\N	user	\N	\N	f	2025-06-27 21:05:03.160221+03	2025-06-27 21:05:03.160221+03
266	KU-DAN1-25	Смоленск	Маслов Михаил Владимирович	\N	user	\N	\N	f	2025-06-27 21:05:03.160221+03	2025-06-27 21:05:03.160221+03
268	KU-DAN1-24	Старый Оскол	ЭКСПЕРТ	\N	user	\N	\N	f	2025-06-27 21:05:03.160221+03	2025-06-27 21:05:03.160221+03
270	KU-DAN1-23	Саратов	Давтян Лев Шаликович	\N	user	\N	\N	f	2025-06-27 21:05:03.160221+03	2025-06-27 21:05:03.160221+03
271	IM-DAN1-72	Москва	Чарова Мария Владимировна	\N	user	\N	\N	f	2025-06-27 21:05:03.160221+03	2025-06-27 21:05:03.160221+03
273	SZ-DAN1-3	Абаза	Антонова Марина Сергеевна	\N	user	\N	\N	f	2025-06-27 21:05:03.160221+03	2025-06-27 21:05:03.160221+03
274	IM-DAN1-71	Копейск	Косачева Татьяна Николаевна	\N	user	\N	\N	f	2025-06-27 21:05:03.160221+03	2025-06-27 21:05:03.160221+03
276	IM-DAN1-69	Калуга	КУРОВСКОЙ ЗАВОД КЕРАМЗИТОВОГО ГРАВИЯ	\N	user	\N	\N	f	2025-06-27 21:05:03.160221+03	2025-06-27 21:05:03.160221+03
277	IM-DAN1-66	Кемерово	Олейник Татьяна Борисовна	\N	user	\N	\N	f	2025-06-27 21:05:03.160221+03	2025-06-27 21:05:03.160221+03
278	KU-DAN1-19	Курск	КОНОВИЯ	\N	user	\N	\N	f	2025-06-27 21:05:03.160221+03	2025-06-27 21:05:03.160221+03
280	KU-DAN1-18	Данков	ДАНКОВСКИЙ МЕТРОЛОГИЧЕСКИЙ ЦЕНТР ИЗМЕРЕНИЙ И СЕРВИСА	\N	user	\N	\N	f	2025-06-27 21:05:03.160221+03	2025-06-27 21:05:03.160221+03
285	IM-DAN1-51	Орел	Ботис Руслан Геннадьевич	\N	user	\N	\N	f	2025-06-27 21:05:03.160221+03	2025-06-27 21:05:03.160221+03
290	KU-DAN1-13	Рязань	Захаров Андрей Александрович	\N	user	\N	\N	f	2025-06-27 21:05:03.160221+03	2025-06-27 21:05:03.160221+03
291	IM-DAN1-42	Тюмень	Лесовой Сергей Юрьевич	\N	user	\N	\N	f	2025-06-27 21:05:03.160221+03	2025-06-27 21:05:03.160221+03
294	IM-DAN1-40	Казаки, Елецкий р-н	СТРОЙТОРГСЕРВИС	\N	user	\N	\N	f	2025-06-27 21:05:03.160221+03	2025-06-27 21:05:03.160221+03
295	IM-DAN1-36	Ростов-на-Дону	ПЕЧАТНЫЙ ДВОР	\N	user	\N	\N	f	2025-06-27 21:05:03.160221+03	2025-06-27 21:05:03.160221+03
298	KU-DAN1-7	Тамбов	БП-ЭНЕРГОСЕРВИС	\N	user	\N	\N	f	2025-06-27 21:05:03.160221+03	2025-06-27 21:05:03.160221+03
299	KU-DAN1-5	Воронеж	АВТОПОРТ МАЯК	\N	user	\N	\N	f	2025-06-27 21:05:03.160221+03	2025-06-27 21:05:03.160221+03
300	SZ-DAN1-1	Данков	Филимошин Геннадий Сергеевич	\N	user	\N	\N	f	2025-06-27 21:05:03.160221+03	2025-06-27 21:05:03.160221+03
301	IM-DAN1-31	Красноярск	АРКТИКА-ЭКСПРЕСС	\N	user	\N	\N	f	2025-06-27 21:05:03.160221+03	2025-06-27 21:05:03.160221+03
302	IM-DAN1-30	Москва	Бакирова Барчынай Бакировна	\N	user	\N	\N	f	2025-06-27 21:05:03.160221+03	2025-06-27 21:05:03.160221+03
303	IM-DAN1-29	Краснодар	Татьянин Владимир Игоревич	\N	user	\N	\N	f	2025-06-27 21:05:03.160221+03	2025-06-27 21:05:03.160221+03
304	IM-DAN1-28	Чистополь, Татарстан	ВОДОЭНЕРГОУЧЕТ	\N	user	\N	\N	f	2025-06-27 21:05:03.160221+03	2025-06-27 21:05:03.160221+03
305	IM-DAN1-25	Казань	Вафина Гульфия Мунировна	\N	user	\N	\N	f	2025-06-27 21:05:03.160221+03	2025-06-27 21:05:03.160221+03
308	IM-DAN1-21	Санкт-Петербург	БИГЕЛЬ	\N	user	\N	\N	f	2025-06-27 21:05:03.160221+03	2025-06-27 21:05:03.160221+03
262	IM-DAN1-85	Новочебоксарск	ЧЕБФИЛЬТР	\N	user	\N	\N	f	2025-06-27 21:05:03.160221+03	2025-06-27 21:05:03.160221+03
272	KU-DAN1-21	Белгород	Бибиков Андрей Александрович	\N	user	\N	\N	f	2025-06-27 21:05:03.160221+03	2025-06-27 21:05:03.160221+03
275	IM-DAN1-70	Кострома	ПОИСК	\N	user	\N	\N	f	2025-06-27 21:05:03.160221+03	2025-06-27 21:05:03.160221+03
279	IM-DAN1-58	Орел	Печникова Лолита Артемовна	\N	user	\N	\N	f	2025-06-27 21:05:03.160221+03	2025-06-27 21:05:03.160221+03
282	KU-DAN1-17	Елец	Гореликов Виктор Геннадьевич	\N	user	\N	\N	f	2025-06-27 21:05:03.160221+03	2025-06-27 21:05:03.160221+03
284	IM-DAN1-54	Тамбов	Донских Александр Юрьевич	\N	user	\N	\N	f	2025-06-27 21:05:03.160221+03	2025-06-27 21:05:03.160221+03
287	KU-DAN1-14	Тамбов	Старков Владимир Борисович	\N	user	\N	\N	f	2025-06-27 21:05:03.160221+03	2025-06-27 21:05:03.160221+03
288	IM-DAN1-45	Орел	Юдина Ирина Викторовна	\N	user	\N	\N	f	2025-06-27 21:05:03.160221+03	2025-06-27 21:05:03.160221+03
289	IM-DAN1-43	Орел	КЛИНИКА ПРОФЕССИОНАЛ	\N	user	\N	\N	f	2025-06-27 21:05:03.160221+03	2025-06-27 21:05:03.160221+03
296	KU-DAN1-8	Липецк	АЛИМАК	\N	user	\N	\N	f	2025-06-27 21:05:03.160221+03	2025-06-27 21:05:03.160221+03
297	IM-DAN1-35	Липецк	Гаврилов Андрей Анатольевич	\N	user	\N	\N	f	2025-06-27 21:05:03.160221+03	2025-06-27 21:05:03.160221+03
307	IM-DAN1-23	Москва	Тихон Иван Валерьевич	\N	user	\N	\N	f	2025-06-27 21:05:03.160221+03	2025-06-27 21:05:03.160221+03
310	IM-DAN1-18	Данков	Полозняк Анна Викторовна	\N	user	\N	\N	f	2025-06-27 21:05:03.160221+03	2025-06-27 21:05:03.160221+03
313	IM-DAN1-12	Данков	Алферова Наталия Викторовна	\N	user	\N	\N	f	2025-06-27 21:05:03.160221+03	2025-06-27 21:05:03.160221+03
311	IM-DAN1-17	Санкт-Петербург	ЗОЛОТАЯ РЫБКА	\N	user	\N	\N	f	2025-06-27 21:05:03.160221+03	2025-06-27 21:05:03.160221+03
286	IM-DAN1-47	Тамбов	ИДЕАЛЬНЫЙ ДОМ	\N	user	\N	\N	f	2025-06-27 21:05:03.160221+03	2025-06-27 21:05:03.160221+03
292	KU-DAN1-12	Долгоруково	АЛЬТАИР	\N	user	\N	\N	f	2025-06-27 21:05:03.160221+03	2025-06-27 21:05:03.160221+03
281	IM-DAN1-57	Долгопрудный	Мацукатов Юрий Георгиевич	\N	user	\N	\N	f	2025-06-27 21:05:03.160221+03	2025-06-27 21:05:03.160221+03
267	SZ-DAN1-4	Агидель	Шаймухаметова Ирина Валерьевна	\N	user	\N	\N	f	2025-06-27 21:05:03.160221+03	2025-06-27 21:05:03.160221+03
255	IM-DAN1-95	Ростов-на-Дону	Девятков Сергей Владимирович	\N	user	\N	\N	f	2025-06-27 21:05:03.160221+03	2025-06-27 21:05:03.160221+03
57	IM-DAN1-273	Оренбург	Кащеев Дмитрий Викторович	\N	user	\N	\N	f	2025-06-27 21:05:03.160221+03	2025-06-27 21:05:03.160221+03
199	IM-DAN1-172	Санкт-Петербург	Ефимов Алексей Васильевич	\N	user	\N	\N	f	2025-06-27 21:05:03.160221+03	2025-06-27 21:05:03.160221+03
269	IM-DAN1-74	Старый Оскол	Мартышова Антонина Григорьевна	\N	user	\N	\N	f	2025-06-27 21:05:03.160221+03	2025-06-27 21:05:03.160221+03
283	IM-DAN1-56	Мичуринск, Тамбовская область	БЕТОНСТРОЙ	\N	user	\N	\N	f	2025-06-27 21:05:03.160221+03	2025-06-27 21:05:03.160221+03
293	KU-DAN1-11	Елец	Пашков Андрей Александрович	\N	user	\N	\N	f	2025-06-27 21:05:03.160221+03	2025-06-27 21:05:03.160221+03
312	IM-DAN1-16	Челябинск	ИНФОКОМ	\N	user	\N	\N	f	2025-06-27 21:05:03.160221+03	2025-06-27 21:05:03.160221+03
314	IM-DAN1-8	Давлеканово	Янюкина Оксана Владимировна	\N	user	\N	\N	f	2025-06-27 21:05:03.160221+03	2025-06-27 21:05:03.160221+03
318	IM-DAN1-1	Данков	СИЛАН	\N	user	\N	\N	f	2025-06-27 21:05:03.160221+03	2025-06-27 21:05:03.160221+03
320	СЗ-РФ-DAN1-5	Данков	Смирнов Степан Владимирович	\N	user	\N	\N	f	2025-06-27 21:05:03.160221+03	2025-06-27 21:05:03.160221+03
321	СЗ-РФ-DAN1-4	Данков	Поддубная Олеся Александровна	\N	user	\N	\N	f	2025-06-27 21:05:03.160221+03	2025-06-27 21:05:03.160221+03
322	ИМ-РФ-DAN1-7	Данков	Жданов Антон Андреевич	\N	user	\N	\N	f	2025-06-27 21:05:03.160221+03	2025-06-27 21:05:03.160221+03
324	ИМ-РФ-DAN1-5	Данков	Сомов Иван Николаевич	\N	user	\N	\N	f	2025-06-27 21:05:03.160221+03	2025-06-27 21:05:03.160221+03
325	КУ-РФ-DAN1-8	Москва	СИЛА БАЛАНСА	\N	user	\N	\N	f	2025-06-27 21:05:03.160221+03	2025-06-27 21:05:03.160221+03
335	ИМ-РФ-DAN1-6	Иваново	ИВАТЕКС	\N	user	\N	\N	f	2025-07-03 17:38:58.040252+03	2025-07-03 17:38:58.040252+03
\.


--
-- Name: admins_id_seq; Type: SEQUENCE SET; Schema: public; Owner: postgres
--

SELECT pg_catalog.setval('public.admins_id_seq', 7, true);


--
-- Name: extra_services_id_seq; Type: SEQUENCE SET; Schema: public; Owner: postgres
--

SELECT pg_catalog.setval('public.extra_services_id_seq', 1, false);


--
-- Name: invoices_id_seq; Type: SEQUENCE SET; Schema: public; Owner: postgres
--

SELECT pg_catalog.setval('public.invoices_id_seq', 9, true);


--
-- Name: phone_numbers_id_seq; Type: SEQUENCE SET; Schema: public; Owner: postgres
--

SELECT pg_catalog.setval('public.phone_numbers_id_seq', 436, true);


--
-- Name: tariffs_id_seq; Type: SEQUENCE SET; Schema: public; Owner: postgres
--

SELECT pg_catalog.setval('public.tariffs_id_seq', 1, false);


--
-- Name: users_id_seq; Type: SEQUENCE SET; Schema: public; Owner: postgres
--

SELECT pg_catalog.setval('public.users_id_seq', 335, true);


--
-- Name: admins admins_pkey; Type: CONSTRAINT; Schema: public; Owner: postgres
--

ALTER TABLE ONLY public.admins
    ADD CONSTRAINT admins_pkey PRIMARY KEY (id);


--
-- Name: admins admins_telegram_id_key; Type: CONSTRAINT; Schema: public; Owner: postgres
--

ALTER TABLE ONLY public.admins
    ADD CONSTRAINT admins_telegram_id_key UNIQUE (telegram_id);


--
-- Name: alembic_version alembic_version_pkc; Type: CONSTRAINT; Schema: public; Owner: postgres
--

ALTER TABLE ONLY public.alembic_version
    ADD CONSTRAINT alembic_version_pkc PRIMARY KEY (version_num);


--
-- Name: extra_services extra_services_pkey; Type: CONSTRAINT; Schema: public; Owner: postgres
--

ALTER TABLE ONLY public.extra_services
    ADD CONSTRAINT extra_services_pkey PRIMARY KEY (id);


--
-- Name: invoices invoices_pkey; Type: CONSTRAINT; Schema: public; Owner: postgres
--

ALTER TABLE ONLY public.invoices
    ADD CONSTRAINT invoices_pkey PRIMARY KEY (id);


--
-- Name: phone_numbers phone_numbers_pkey; Type: CONSTRAINT; Schema: public; Owner: postgres
--

ALTER TABLE ONLY public.phone_numbers
    ADD CONSTRAINT phone_numbers_pkey PRIMARY KEY (id);


--
-- Name: tariffs tariffs_pkey; Type: CONSTRAINT; Schema: public; Owner: postgres
--

ALTER TABLE ONLY public.tariffs
    ADD CONSTRAINT tariffs_pkey PRIMARY KEY (id);


--
-- Name: users users_pkey; Type: CONSTRAINT; Schema: public; Owner: postgres
--

ALTER TABLE ONLY public.users
    ADD CONSTRAINT users_pkey PRIMARY KEY (id);


--
-- Name: users users_telegram_id_key; Type: CONSTRAINT; Schema: public; Owner: postgres
--

ALTER TABLE ONLY public.users
    ADD CONSTRAINT users_telegram_id_key UNIQUE (telegram_id);


--
-- Name: invoices invoices_user_id_fkey; Type: FK CONSTRAINT; Schema: public; Owner: postgres
--

ALTER TABLE ONLY public.invoices
    ADD CONSTRAINT invoices_user_id_fkey FOREIGN KEY (user_id) REFERENCES public.users(id);


--
-- Name: phone_numbers phone_numbers_user_id_fkey; Type: FK CONSTRAINT; Schema: public; Owner: postgres
--

ALTER TABLE ONLY public.phone_numbers
    ADD CONSTRAINT phone_numbers_user_id_fkey FOREIGN KEY (user_id) REFERENCES public.users(id);


--
-- PostgreSQL database dump complete
--

